22,38344AK0540003
23,38344AK0540006
24,38344AK0540008
25,38344AK0550001
26,38344AK0550002
107,46944AL0370001
109,46944AL0410001
111,46944AL0460001
112,46944AL0470001
115,46944AL0560001
163,53901AZ1340005
164,53901AZ1340006
165,53901AZ1340007
166,53901AZ1340008
167,53901AZ1340009
168,53901AZ1340010
169,53901AZ1340011
174,36194FL0020003
175,36194FL0020008
176,36194FL0020009
177,36194FL0020012
178,36194FL0020018
179,36194FL0020020
180,36194FL0020021
181,36194FL0020022
182,36194FL0020023
201,53901AZ1340012
202,53901AZ1340013
203,53901AZ1340014
204,53901AZ1340015
205,53901AZ1340016
206,53901AZ1340017
207,53901AZ1340018
208,53901AZ1340019
209,53901AZ1340020
210,53901AZ1340021
211,53901AZ1340022
212,53901AZ1350003
213,53901AZ1360003
214,53901AZ1360004
215,53901AZ1360005
216,53901AZ1360006
217,53901AZ1360007
218,53901AZ1360008
219,53901AZ1360009
255,91450AZ0080029
256,91450AZ0080030
257,91450AZ0080033
258,91450AZ0080034
259,91450AZ0080035
260,91450AZ0080036
270,16842FL0070073
271,16842FL0070084
272,16842FL0070100
273,16842FL0070102
274,16842FL0070106
275,16842FL0070108
276,16842FL0070110
277,16842FL0070114
278,16842FL0070120
279,16842FL0070122
280,16842FL0070124
281,16842FL0070126
282,16842FL0070128
283,16842FL0120033
284,16842FL0120044
285,16842FL0120060
286,16842FL0120062
287,16842FL0120066
288,16842FL0120068
289,16842FL0120070
290,16842FL0120072
291,16842FL0120076
292,16842FL0120078
293,16842FL0120080
294,16842FL0120082
295,16842FL0120084
300,21663FL0130001
301,21663FL0130002
302,21663FL0130003
303,21663FL0130005
304,21663FL0130006
305,21663FL0130008
306,21663FL0130009
307,21663FL0130010
308,21663FL0140001
309,21663FL0140002
310,21663FL0140003
311,21663FL0140004
312,21663FL0140006
313,21663FL0150001
314,21663FL0150002
315,21663FL0150003
316,21663FL0150004
317,21663FL0150006
326,30252FL0020033
327,30252FL0020044
328,30252FL0020060
329,30252FL0020062
330,30252FL0020066
331,30252FL0020068
332,30252FL0020070
333,30252FL0020074
334,30252FL0020076
335,30252FL0020078
336,30252FL0020080
337,30252FL0020082
338,30252FL0070001
339,30252FL0070003
340,30252FL0070005
341,30252FL0070007
342,30252FL0070009
343,30252FL0070013
344,30252FL0070015
345,30252FL0070017
352,35783FL1160001
353,35783FL1160002
354,35783FL1160003
355,35783FL1160004
356,35783FL1160013
357,35783FL1160014
358,35783FL1160015
359,35783FL1160016
360,35783FL1160030
361,35783FL1160031
362,35783FL1160032
363,35783FL1160035
364,35783FL1160036
365,35783FL1160037
366,35783FL1160038
367,35783FL1160039
368,35783FL1160041
369,35783FL1160042
370,35783FL1160043
371,35783FL1160044
372,35783FL1160060
382,36194FL0020024
409,36194FL0040001
410,36194FL0040003
411,36194FL0040004
412,36194FL0040005
413,36194FL0040006
414,36194FL0040007
415,36194FL0040008
416,36194FL0040009
417,36194FL0040010
418,36194FL0040011
419,36194FL0040012
420,36194FL0040014
421,36194FL0040015
422,36194FL0040016
423,36194FL0040018
424,36194FL0040020
425,36194FL0040021
426,36194FL0040022
427,36194FL0040023
428,36194FL0040024
442,36194FL0060003
443,36194FL0060008
444,36194FL0060009
445,36194FL0060012
446,36194FL0060018
447,36194FL0060020
448,36194FL0060021
449,36194FL0060022
450,36194FL0060023
451,36194FL0060024
478,36194FL0080001
479,36194FL0080003
480,36194FL0080004
481,36194FL0080005
482,36194FL0080006
483,36194FL0080007
484,36194FL0080008
485,36194FL0080009
486,36194FL0080010
487,36194FL0080011
488,36194FL0080012
489,36194FL0080014
490,36194FL0080015
491,36194FL0080016
492,36194FL0080018
493,36194FL0080020
494,36194FL0080021
495,36194FL0080022
496,36194FL0080023
497,36194FL0080024
516,54172FL0010001
517,54172FL0010002
518,54172FL0010003
519,54172FL0020001
520,54172FL0020002
521,56503FL1300001
522,56503FL1320001
523,56503FL1330001
524,56503FL1380002
525,56503FL1390001
526,56503FL1400001
527,56503FL1410001
528,56503FL1460001
532,56503FL1980001
533,56503FL1990001
534,56503FL2000001
535,56503FL2010001
536,56503FL2040001
537,56503FL2060001
538,56503FL2090002
549,56503FL2240001
550,56503FL2260001
556,56503FL2530002
557,56503FL2540002
558,56503FL2550002
559,56503FL2560002
560,56503FL2570001
561,56503FL2580002
562,56503FL2590002
563,56503FL2600002
564,56503FL2610001
565,56503FL2620002
566,56503FL2630002
567,56503FL2640002
568,56503FL2650002
569,56503FL2660002
570,56503FL2670001
571,56503FL2680001
618,49046GA0410014
619,49046GA0410015
620,49046GA0410017
621,49046GA0410019
622,49046GA0410020
623,49046GA0410021
624,49046GA0410022
625,49046GA0410023
626,49046GA0410024
627,49046GA0410026
628,49046GA0410027
629,49046GA0410028
630,49046GA0410029
631,49046GA0410030
632,49046GA0410031
633,49046GA0410032
634,49046GA0410033
635,49046GA0410034
636,49046GA0410035
637,49046GA0410036
638,49046GA0410037
639,49046GA0410038
640,49046GA0410039
641,49046GA0410040
642,49046GA0410041
643,49046GA0410042
644,49046GA0410043
645,49046GA0410044
646,49046GA0410045
647,49046GA0410046
648,49046GA0410047
649,49046GA0410048
650,49046GA0410049
651,49046GA0410050
652,49046GA0410051
653,49046GA0410052
654,49046GA0410053
655,49046GA0410054
656,49046GA0410055
657,49046GA0410056
658,49046GA0410057
659,49046GA0410058
660,49046GA0410059
661,49046GA0410060
662,49046GA0410061
663,49046GA0410062
664,49046GA0410063
665,49046GA0410064
666,49046GA0410065
667,49046GA0410066
668,49046GA0410067
669,49046GA0410068
670,49046GA0410069
671,49046GA0410070
672,49046GA0410071
673,49046GA0410072
674,49046GA0410073
675,49046GA0410074
676,49046GA0410075
677,49046GA0410076
678,49046GA0410077
679,49046GA0410078
680,49046GA0410079
681,49046GA0410080
682,49046GA0410081
683,49046GA0410082
753,70893GA0010001
754,70893GA0010002
755,70893GA0010003
756,70893GA0010005
757,70893GA0010006
758,70893GA0010008
759,70893GA0010009
760,70893GA0010010
761,70893GA0020001
762,70893GA0020002
763,70893GA0020003
764,70893GA0020004
765,70893GA0020006
766,70893GA0030001
767,70893GA0030002
768,70893GA0030003
769,70893GA0030004
770,70893GA0030006
797,83761GA0040002
798,83761GA0040003
799,83761GA0040007
800,83761GA0040010
801,83761GA0040017
802,83761GA0040021
803,83761GA0040022
804,83761GA0040023
805,83761GA0040024
806,83761GA0040025
807,83761GA0040026
808,83761GA0040031
809,83761GA0040032
848,67243LA0090006
849,67243LA0090007
850,67243LA0090008
851,67243LA0090009
852,67243LA0090010
855,48963MS0520006
856,48963MS0520007
857,48963MS0520008
858,48963MS0520009
859,48963MS0520010
860,48963MS0520011
861,48963MS0520012
869,89942GA0050002
870,89942GA0050003
871,89942GA0050004
872,89942GA0050005
873,89942GA0050006
874,89942GA0050007
875,89942GA0050009
876,89942GA0050010
877,89942GA0050012
878,89942GA0050013
879,89942GA0050014
880,89942GA0050015
900,93332GA0710001
901,93332GA0710002
902,93332GA0710003
903,93332GA0710004
904,93332GA0710015
905,93332GA0710016
906,93332GA0710017
907,93332GA0710018
908,93332GA0710020
909,93332GA0710039
910,93332GA0710040
911,93332GA0710041
912,93332GA0710044
913,93332GA0710045
914,93332GA0710046
915,93332GA0710054
916,93332GA0710055
917,17575IN0700021
918,17575IN0700023
919,17575IN0700024
920,17575IN0700025
921,17575IN0700026
922,17575IN0700027
923,17575IN0700028
924,17575IN0700029
925,17575IN0700031
926,17575IN0700032
927,17575IN0700033
928,17575IN0700034
929,17575IN0700035
935,17575IN0760002
964,54192IN0010001
965,54192IN0010003
966,54192IN0010005
967,54192IN0010007
968,54192IN0010008
969,54192IN0010009
970,54192IN0020001
971,54192IN0020003
972,54192IN0020005
973,54192IN0020007
974,54192IN0020008
975,54192IN0020009
976,54192IN0030001
977,54192IN0030002
978,54192IN0030003
979,54192IN0040001
993,62033IN0010001
994,62033IN0010002
995,62033IN0010004
996,62033IN0010005
997,62033IN0010031
998,62033IN0020001
999,62033IN0020002
1000,62033IN0020003
1007,76179IN0110001
1008,76179IN0110002
1009,76179IN0110003
1010,76179IN0110005
1011,76179IN0110006
1012,76179IN0110008
1013,76179IN0110009
1014,76179IN0120001
1015,76179IN0120002
1016,76179IN0120004
1017,76179IN0120005
1018,76179IN0130001
1019,76179IN0130002
1020,76179IN0130004
1021,76179IN0130005
1070,19636LA0220005
1071,19636LA0220007
1072,19636LA0220010
1073,19636LA0220012
1074,19636LA0220013
1075,19636LA0220014
1076,19636LA0230002
1077,19636LA0230003
1078,19636LA0230006
1079,19636LA0240002
1080,19636LA0240003
1081,19636LA0240007
1084,19636LA0540001
1085,19636LA0540002
1086,19636LA0540003
1095,44965LA0570001
1096,44965LA0570002
1097,44965LA0570003
1098,44965LA0570021
1099,44965LA0570022
1100,44965LA0570023
1101,44965LA0570026
1102,44965LA0570027
1103,44965LA0570028
1104,44965LA0570033
1110,67243LA0090001
1111,67243LA0090002
1112,67243LA0090003
1113,67243LA0090004
1114,67243LA0090005
1141,97176LA0340010
1142,97176LA0340015
1143,97176LA0340017
1144,97176LA0350003
1145,97176LA0350004
1165,30613MO0570001
1166,30613MO0570002
1167,30613MO0570003
1168,30613MO0570006
1169,30613MO0570007
1170,30613MO0570008
1171,30613MO0570011
1172,30613MO0570012
1173,30613MO0570013
1174,30613MO0570031
1175,32753MO0770015
1176,32753MO0770017
1177,32753MO0770018
1178,32753MO0770020
1179,32753MO0770022
1180,32753MO0770023
1181,32753MO0770025
1182,32753MO0770028
1183,32753MO0770029
1184,32753MO0770030
1185,32753MO0770031
1186,32753MO0770032
1187,32753MO0770033
1188,32753MO0770034
1220,34762MO0140012
1221,34762MO0140014
1222,34762MO0140016
1225,34762MO0440001
1226,34762MO0440002
1258,74483MO0040001
1259,74483MO0040002
1260,74483MO0040003
1261,74483MO0040004
1262,74483MO0040005
1263,74483MO0040008
1264,74483MO0040009
1265,74483MO0040010
1266,74483MO0040011
1267,74483MO0040012
1268,74483MO0040013
1269,74483MO0040014
1270,74483MO0040015
1271,74483MO0040016
1272,74483MO0040017
1273,74483MO0040018
1286,48963MS0490001
1287,48963MS0490002
1288,48963MS0490003
1289,48963MS0490011
1290,48963MS0490012
1291,48963MS0490013
1293,48963MS0520005
1294,48963MS0520013
1295,48963MS0520014
1296,48963MS0520015
1297,48963MS0520016
1298,48963MS0520017
1313,90714MS0010001
1314,90714MS0010002
1315,90714MS0010003
1316,90714MS0010005
1317,90714MS0010006
1318,90714MS0010008
1319,90714MS0010009
1320,90714MS0020001
1321,90714MS0020002
1322,90714MS0020003
1323,90714MS0020004
1324,90714MS0020006
1325,90714MS0030001
1326,90714MS0030002
1327,90714MS0030003
1328,90714MS0030004
1329,90714MS0030006
1335,11512NC0060018
1336,11512NC0060020
1337,11512NC0060024
1338,11512NC0060026
1339,11512NC0060027
1340,11512NC0060028
1341,11512NC0100022
1342,11512NC0100024
1343,11512NC0100028
1344,11512NC0100030
1345,11512NC0100031
1346,11512NC0100032
1347,11512NC0100034
1348,11512NC0100036
1349,11512NC0100040
1350,11512NC0100042
1351,11512NC0100043
1352,11512NC0100044
1359,11512NC0120001
1360,11512NC0120002
1361,11512NC0120003
1362,11512NC0120004
1369,11512NC0140002
1370,11512NC0140003
1371,11512NC0140004
1372,11512NC0140005
1373,11512NC0140006
1374,11512NC0170002
1375,11512NC0170003
1376,11512NC0170004
1377,11512NC0170005
1378,11512NC0170006
1429,73943NC0070001
1430,73943NC0070002
1431,73943NC0070003
1432,73943NC0070004
1433,73943NC0070005
1434,73943NC0070006
1435,73943NC0070007
1436,73943NC0070008
1483,37160ND2410002
1484,37160ND2410005
1485,37160ND2410014
1486,37160ND2410020
1487,37160ND2410021
1488,37160ND2410022
1489,37160ND2410023
1493,73751ND0080001
1494,73751ND0080003
1495,73751ND0080005
1496,73751ND0080009
1497,73751ND0080011
1498,73751ND0080013
1499,73751ND0080019
1500,73751ND0100001
1501,73751ND0100003
1502,73751ND0100005
1503,73751ND0100009
1504,73751ND0100011
1505,73751ND0100013
1506,73751ND0100019
1517,89364ND0090001
1518,89364ND0090003
1519,89364ND0090004
1520,89364ND0090005
1521,89364ND0090006
1522,89364ND0090007
1523,89364ND0090008
1524,89364ND0090009
1525,89364ND0090010
1526,89364ND0090011
1535,91762NJ0070015
1536,91762NJ0070093
1537,91762NJ0070096
1538,91762NJ0070097
1539,91762NJ0070100
1561,33602TX0460312
1562,33602TX0460313
1563,33602TX0460314
1564,33602TX0460315
1565,33602TX0460316
1566,33602TX0460317
1567,33602TX0460318
1618,77606NJ0040001
1619,77606NJ0040002
1620,77606NJ0040065
1621,77606NJ0040066
1629,91661NJ2270001
1630,91661NJ2270002
1631,91661NJ2280001
1643,91661NJ2340001
1644,91661NJ2340002
1645,91661NJ2340003
1646,91661NJ2340004
1652,91762NJ0070001
1653,91762NJ0070002
1654,91762NJ0070004
1655,91762NJ0070006
1656,91762NJ0070007
1657,91762NJ0070010
1658,91762NJ0070012
1659,91762NJ0070014
1769,87571OK0320006
1770,87571OK0320030
1771,87571OK0320031
1772,87571OK0320032
1773,87571OK0320033
1774,87571OK0320046
1775,87571OK0320047
1776,87571OK0320048
1777,87571OK0320049
1778,87571OK0320062
1779,87571OK0320063
1780,87571OK0320064
1781,87571OK0320065
1782,87571OK0320066
1783,87571OK0320067
1784,87571OK0320068
1785,87571OK0320069
1786,87571OK0320070
1787,87571OK0320071
1788,87571OK0320072
1789,87571OK0320073
1790,87571OK0320074
1791,87571OK0320075
1792,87571OK0320076
1793,87571OK0320077
1824,87571OK0350006
1825,87571OK0350022
1826,87571OK0350023
1827,87571OK0350024
1828,87571OK0350025
1829,87571OK0350026
1830,87571OK0350027
1831,87571OK0350028
1832,87571OK0350029
1833,87571OK0350030
1834,87571OK0350031
1835,87571OK0350032
1836,87571OK0350033
1837,87571OK0350034
1838,87571OK0350035
1839,87571OK0350036
1840,87571OK0350037
1841,87571OK0350038
1842,87571OK0350039
1843,87571OK0350040
1844,87571OK0350041
1845,87571OK0350042
1846,87571OK0350043
1847,87571OK0350044
1848,87571OK0350046
1849,87571OK0350051
1850,87571OK0350052
1851,87571OK0350053
1852,87571OK0350057
1853,87571OK0350058
1854,87571OK0350059
1855,87571OK0350060
1856,87571OK0350061
1857,87571OK0350062
1858,87571OK0350064
1951,26065SC0380001
1952,26065SC0380002
1953,26065SC0380003
1954,26065SC0380004
1955,26065SC0380005
1956,26065SC0380006
1957,26065SC0380007
1958,26065SC0380008
1959,26065SC0380009
1960,26065SC0380010
1961,26065SC0380011
1962,26065SC0380012
1963,26065SC0380013
1964,26065SC0380014
1965,26065SC0380015
1966,26065SC0380016
1967,26065SC0380017
1968,26065SC0380018
1969,26065SC0380019
1970,26065SC0380020
1971,26065SC0380021
1972,26065SC0380022
1973,26065SC0380023
1974,26065SC0390001
2051,14002TN0330172
2052,14002TN0330174
2053,14002TN0330175
2054,14002TN0330177
2055,14002TN0330178
2056,14002TN0330208
2057,14002TN0330210
2058,14002TN0330211
2059,14002TN0330213
2060,14002TN0330214
2061,14002TN0330240
2062,14002TN0330242
2063,14002TN0330243
2064,14002TN0330245
2065,14002TN0330246
2066,14002TN0330336
2067,14002TN0330338
2068,14002TN0330339
2069,14002TN0330341
2070,14002TN0330342
2116,82120TN0600011
2117,82120TN0600012
2118,82120TN0600013
2119,82120TN0600021
2120,82120TN0600022
2121,82120TN0600023
2122,82120TN0600031
2123,82120TN0600032
2124,82120TN0600033
2125,82120TN0600034
2134,99248TN0060001
2135,99248TN0060002
2136,99248TN0060003
2137,99248TN0060004
2138,99248TN0060005
2139,99248TN0060006
2140,99248TN0060007
2141,99248TN0060008
2142,99248TN0060009
2143,99248TN0060010
2144,99248TN0060011
2145,99248TN0060012
2146,99248TN0060013
2147,99248TN0060014
2148,99248TN0060015
2149,99248TN0060016
2150,99248TN0060017
2151,99248TN0060018
2152,99248TN0060019
2153,99248TN0060020
2154,99248TN0060021
2155,99248TN0060022
2156,99248TN0060023
2162,20069TX0010001
2163,20069TX0100001
2164,20069TX0110001
2165,20069TX0120001
2166,20069TX0310001
2167,20069TX0320001
2168,20069TX0330001
2196,26539TX0140001
2197,26539TX0140003
2198,26539TX0140006
2199,26539TX0140008
2200,26539TX0140009
2201,27248TX0010001
2202,27248TX0010002
2203,27248TX0010003
2204,27248TX0010004
2205,27248TX0010005
2206,27248TX0010006
2207,27248TX0010007
2208,29418TX0140001
2209,29418TX0140002
2210,29418TX0140003
2211,29418TX0140005
2212,29418TX0140006
2213,29418TX0140008
2214,29418TX0140009
2215,29418TX0140010
2216,29418TX0150001
2217,29418TX0150002
2218,29418TX0150003
2219,29418TX0150004
2220,29418TX0150006
2222,32673TX0630001
2223,32673TX0630002
2224,32673TX0630003
2225,32673TX0630004
2226,32673TX0630013
2227,32673TX0690001
2228,32673TX0690002
2229,32673TX0690003
2230,32673TX0690004
2231,32673TX0690005
2232,32673TX0690006
2233,32673TX0690007
2234,32673TX0690008
2235,32673TX0690009
2236,32673TX0690010
2237,32673TX0690011
2238,32673TX0690012
2245,33602TX0460006
2246,33602TX0460136
2247,33602TX0460137
2248,33602TX0460138
2249,33602TX0460139
2250,33602TX0460140
2251,33602TX0460141
2252,33602TX0460142
2253,33602TX0460143
2254,33602TX0460144
2255,33602TX0460145
2256,33602TX0460146
2257,33602TX0460147
2258,33602TX0460148
2259,33602TX0460149
2260,33602TX0460150
2261,33602TX0460151
2262,33602TX0460152
2263,33602TX0460153
2264,33602TX0460154
2265,33602TX0460155
2266,33602TX0460156
2267,33602TX0460157
2268,33602TX0460158
2269,33602TX0460159
2270,33602TX0460160
2271,33602TX0460237
2272,33602TX0460238
2273,33602TX0460239
2274,33602TX0460241
2275,33602TX0460242
2276,33602TX0460268
2277,33602TX0460269
2278,33602TX0460270
2279,33602TX0460271
2280,33602TX0460272
2281,33602TX0460273
2282,33602TX0460274
2283,33602TX0460275
2284,33602TX0460276
2285,33602TX0460277
2286,33602TX0460278
2287,33602TX0460279
2288,33602TX0460280
2289,33602TX0460281
2290,33602TX0460282
2291,33602TX0460283
2292,33602TX0460284
2293,33602TX0460285
2294,33602TX0460286
2295,33602TX0460287
2296,33602TX0460288
2297,33602TX0460289
2298,33602TX0460290
2299,33602TX0460291
2300,33602TX0460292
2301,33602TX0460293
2302,33602TX0460294
2303,33602TX0460295
2304,33602TX0460296
2305,33602TX0460297
2306,33602TX0460298
2307,33602TX0460299
2308,33602TX0460300
2309,33602TX0460301
2310,33602TX0460302
2311,33602TX0460303
2312,33602TX0460304
2313,33602TX0460305
2314,33602TX0460306
2315,33602TX0460307
2316,33602TX0460308
2317,33602TX0460309
2318,33602TX0460310
2319,33602TX0460311
2320,33602TX0460319
2321,33602TX0460320
2322,33602TX0460321
2323,33602TX0460322
2324,33602TX0460323
2325,33602TX0460324
2326,33602TX0460325
2327,33602TX0460326
2328,33602TX0460327
2329,33602TX0460328
2330,33602TX0460329
2331,33602TX0460330
2332,33602TX0460331
2333,33602TX0460332
2334,33602TX0460333
2335,33602TX0460334
2336,33602TX0460335
2337,33602TX0460336
2338,33602TX0460337
2339,33602TX0460338
2340,33602TX0460339
2341,33602TX0460340
2342,33602TX0460341
2343,33602TX0460342
2344,33602TX0460368
2345,33602TX0460369
2346,33602TX0460370
2347,33602TX0460371
2348,33602TX0460372
2349,33602TX0460373
2350,33602TX0460374
2351,33602TX0460375
2352,33602TX0460376
2353,33602TX0460377
2354,33602TX0460378
2355,33602TX0460379
2356,33602TX0460380
2357,33602TX0460381
2358,33602TX0460382
2359,33602TX0460383
2360,33602TX0460384
2361,33602TX0460385
2362,33602TX0460386
2363,33602TX0460387
2364,33602TX0460388
2365,33602TX0460389
2366,33602TX0460390
2367,33602TX0460391
2368,33602TX0460392
2369,33602TX0460393
2370,33602TX0460394
2371,33602TX0460395
2372,33602TX0460396
2373,33602TX0460397
2374,33602TX0460398
2375,33602TX0460399
2376,33602TX0460400
2377,33602TX0460401
2378,33602TX0460402
2379,33602TX0460403
2380,33602TX0460404
2381,33602TX0460405
2382,33602TX0460406
2383,33602TX0460407
2384,33602TX0460408
2385,33602TX0460409
2386,33602TX0460410
2387,33602TX0460411
2388,33602TX0460412
2389,33602TX0460413
2390,33602TX0460414
2391,33602TX0460415
2392,33602TX0460416
2393,33602TX0460417
2394,33602TX0460421
2395,33602TX0460452
2396,33602TX0460453
2397,33602TX0460454
2398,33602TX0460455
2399,33602TX0460456
2400,33602TX0460457
2401,33602TX0460458
2402,33602TX0460459
2403,33602TX0460460
2404,33602TX0460461
2405,33602TX0460462
2406,33602TX0460463
2407,33602TX0460464
2408,33602TX0460465
2409,33602TX0460466
2410,33602TX0460467
2411,33602TX0460468
2412,33602TX0460469
2413,33602TX0460470
2414,33602TX0460471
2415,33602TX0460472
2416,33602TX0460473
2417,33602TX0460474
2418,33602TX0460475
2419,33602TX0460476
2543,33602TX0770001
2544,33602TX0770002
2545,33602TX0770003
2546,33602TX0770004
2547,33602TX0770005
2548,33602TX0770006
2549,33602TX0770007
2550,33602TX0770008
2551,33602TX0770009
2552,33602TX0770010
2553,33602TX0770011
2554,33602TX0770012
2555,33602TX0770013
2556,33602TX0770014
2557,33602TX0770015
2558,33602TX0770016
2559,33602TX0770017
2560,33602TX0770018
2561,33602TX0770019
2562,33602TX0770020
2563,33602TX0770021
2564,33602TX0770022
2565,33602TX0770023
2566,33602TX0770024
2567,33602TX0770025
2568,33602TX0770026
2569,33602TX0770027
2570,33602TX0770028
2571,33602TX0770029
2572,33602TX0770030
2573,33602TX0770031
2574,33602TX0770032
2575,33602TX0770033
2576,33602TX0770034
2577,33602TX0770035
2578,33602TX0770036
2579,33602TX0770037
2580,33602TX0770038
2581,33602TX0770039
2582,33602TX0770040
2583,33602TX0770041
2584,33602TX0770042
2585,33602TX0770043
2586,33602TX0770044
2587,33602TX0770045
2588,33602TX0770046
2589,33602TX0770047
2590,33602TX0770048
2591,33602TX0770049
2592,33602TX0770050
2593,33602TX0770051
2599,37833WI0510066
2600,37833WI0510067
2601,37833WI0510068
2602,37833WI0510069
2603,37833WI0510070
2604,37833WI0510071
2605,37833WI0510072
2606,37833WI0510073
2607,37833WI0510074
2608,37833WI0510075
2609,37833WI0510076
2610,37833WI0540001
2611,37833WI0540002
2612,37833WI0540003
2620,33602TX0770052
2621,33602TX0770053
2622,33602TX0770054
2623,33602TX0770055
2624,33602TX0770056
2625,33602TX0770057
2626,33602TX0770058
2627,33602TX0770059
2628,33602TX0770060
2629,33602TX0770061
2630,33602TX0770062
2631,33602TX0770063
2632,33602TX0770064
2633,33602TX0770065
2634,33602TX0770066
2635,33602TX0770067
2636,33602TX0770068
2637,33602TX0770069
2638,33602TX0770070
2639,33602TX0770071
2640,33602TX0770072
2641,33602TX0770073
2642,33602TX0770074
2643,33602TX0770075
2644,33602TX0770076
2645,33602TX0770077
2646,33602TX0770078
2647,33602TX0770079
2648,33602TX0770080
2649,33602TX0770081
2650,33602TX0770082
2651,33602TX0770083
2652,33602TX0770084
2653,33602TX0770085
2654,33602TX0770086
2655,33602TX0770087
2656,33602TX0770088
2657,33602TX0770089
2658,33602TX0770090
2659,33602TX0770091
2660,33602TX0770092
2661,33602TX0770093
2662,33602TX0770094
2663,33602TX0770095
2664,33602TX0770096
2665,33602TX0770097
2666,33602TX0770098
2667,33602TX0770099
2668,33602TX0770100
2669,33602TX0770101
2670,33602TX0770102
2671,33602TX0770103
2672,33602TX0770104
2673,37392TX0010005
2674,37392TX0010008
2675,37392TX0010009
2676,37392TX0010010
2677,37392TX0010011
2678,37392TX0010013
2693,45786TX0010001
2694,45786TX0010002
2695,45786TX0020001
2696,45786TX0020002
2697,45786TX0020003
2698,45786TX0040001
2722,66252TX0010001
2723,66252TX0010002
2724,66252TX0010003
2725,66252TX0010004
2726,66252TX0010005
2727,66252TX0010006
2728,66252TX0030001
2729,66252TX0030002
2730,66252TX0030003
2731,66252TX0030004
2732,66252TX0030005
2733,66252TX0030006
2734,66252TX0040001
2735,66252TX0040002
2736,66252TX0040003
2737,66252TX0040004
2738,66252TX0040005
2739,66252TX0040006
2740,66252TX0050001
2741,66252TX0050002
2742,66252TX0050003
2743,66252TX0050004
2744,66252TX0050005
2745,66252TX0050006
2746,66252TX0070001
2747,66252TX0070002
2748,66252TX0070003
2749,66252TX0070004
2750,66252TX0070005
2751,66252TX0070006
2754,71837TX0010001
2755,71837TX0010002
2756,71837TX0010003
2765,14630WI0010001
2766,14630WI0010002
2767,14630WI0010003
2768,14630WI0010004
2775,20173WI0130020
2776,20173WI0130021
2777,20173WI0130022
2778,20173WI0130023
2779,20173WI0130024
2780,20173WI0130025
2781,20173WI0130026
2782,20173WI0130027
2795,37833WI0380009
2796,37833WI0380017
2797,37833WI0380018
2798,37833WI0380019
2799,37833WI0380023
2800,37833WI0380027
2801,37833WI0380028
2802,37833WI0380029
2803,37833WI0380032
2804,37833WI0380035
2805,37833WI0380042
2806,37833WI0380044
2807,37833WI0380052
2808,37833WI0380054
2809,37833WI0380056
2810,37833WI0380059
2811,37833WI0380060
2812,37833WI0380061
2813,37833WI0380062
2814,37833WI0380063
2815,37833WI0380064
2816,37833WI0380065
2817,37833WI0380066
2818,37833WI0380067
2819,37833WI0380068
2820,37833WI0380069
2821,37833WI0380070
2822,37833WI0380071
2823,37833WI0380072
2824,37833WI0380073
2825,37833WI0380074
2826,37833WI0380075
2827,37833WI0380076
2828,37833WI0380077
2829,37833WI0380078
2830,37833WI0510003
2831,37833WI0510007
2832,37833WI0510008
2833,37833WI0510009
2834,37833WI0510013
2835,37833WI0510017
2836,37833WI0510018
2837,37833WI0510019
2838,37833WI0510022
2839,37833WI0510024
2840,37833WI0510030
2841,37833WI0510032
2842,37833WI0510035
2843,37833WI0510037
2844,37833WI0510039
2845,37833WI0510042
2846,37833WI0510043
2847,37833WI0510044
2848,37833WI0510045
2849,37833WI0510046
2850,37833WI0510047
2851,37833WI0510048
2852,37833WI0510049
2853,37833WI0510050
2854,37833WI0510051
2855,37833WI0510052
2856,37833WI0510053
2857,37833WI0510054
2858,37833WI0510055
2859,37833WI0510056
2860,37833WI0510057
2861,37833WI0510058
2862,37833WI0510059
2863,37833WI0510060
2864,37833WI0510061
2865,37833WI0510062
2866,37833WI0510063
2867,37833WI0510064
2868,37833WI0510065
2869,37833WI0540004
2870,37833WI0540005
2871,37833WI0540006
2872,37833WI0540007
2873,37833WI0540008
2874,37833WI0540009
2875,37833WI0540010
2876,37833WI0540011
2877,37833WI0540014
2878,37833WI0540015
2879,37833WI0540016
2880,37833WI0540017
2881,37833WI0540018
2882,37833WI0540019
2883,37833WI0540020
2884,37833WI0540021
2885,37833WI0540022
2934,38166WI0170001
2935,38166WI0170002
2936,38166WI0170003
2937,38166WI0170004
2938,38166WI0170006
2939,38166WI0170007
2940,38166WI0170008
2941,38166WI0170009
2942,38166WI0170010
2943,38166WI0170011
2944,38166WI0170012
2945,38166WI0180001
2946,38166WI0180002
2947,38166WI0180003
2948,38166WI0180004
2949,38166WI0180006
2950,38166WI0180007
2951,38166WI0180008
2952,38166WI0180009
2953,38166WI0180010
2954,38166WI0180011
2955,38166WI0180012
2956,38345WI0010063
2957,38345WI0010095
2958,38345WI0010097
2959,38345WI0010098
2960,38345WI0010099
2961,38345WI0010108
2962,38345WI0010119
2963,38345WI0010122
2964,38345WI0010124
2965,38345WI0010125
2966,38345WI0010126
2967,38345WI0080018
2968,38345WI0080029
2969,38345WI0080032
2970,38345WI0080033
2971,47342WI0050003
2972,47342WI0050004
2973,47342WI0050005
2974,47342WI0050006
2975,47342WI0050015
2976,47342WI0050016
2977,47342WI0050017
2978,47342WI0050018
2979,47342WI0050019
2980,47342WI0050020
2981,47342WI0050031
2982,47342WI0050032
2983,47342WI0050034
2984,47342WI0050035
2985,47342WI0050037
2986,47342WI0050038
2987,47342WI0050050
2988,47342WI0050051
2989,47342WI0050052
2990,47342WI0050053
2991,47342WI0050054
2992,47342WI0050055
2993,47342WI0050058
2994,47342WI0050059
2995,47342WI0050060
2996,47342WI0050061
2997,47342WI0050062
2998,47342WI0050063
3031,52697WI0010001
3032,52697WI0010002
3033,52697WI0010003
3034,52697WI0030001
3035,52697WI0030002
3036,57845WI0020001
3037,57845WI0020003
3038,57845WI0020005
3039,57845WI0020009
3040,57845WI0020011
3041,57845WI0020013
3042,57845WI0020019
3043,58326WI0090001
3044,58326WI0090002
3045,58326WI0090006
3046,58326WI0090012
3047,58326WI0090013
3048,58326WI0090015
3049,58326WI0090016
3050,58326WI0090018
3051,58326WI0090019
3064,79475WI0340014
3065,79475WI0340017
3066,79475WI0340018
3067,79475WI0340020
3068,79475WI0340021
3069,79475WI0340022
3070,79475WI0340025
3071,79475WI0340026
3072,79475WI0340027
3073,79475WI0340030
3074,79475WI0340031
3084,81413WI0460003
3085,81413WI0460005
3086,81413WI0460007
3087,81413WI0460008
3088,81413WI0460009
3089,81413WI0460010
3090,81413WI0460011
3091,81413WI0460012
3092,81413WI0460013
3093,81413WI0470003
3094,81413WI0470005
3095,81413WI0470007
3096,81413WI0470008
3097,81413WI0470009
3098,81413WI0470010
3099,81413WI0470011
3100,81413WI0470012
3101,81413WI0470013
3142,86584WI0010001
3143,86584WI0010002
3144,86584WI0010003
3145,86584WI0010004
3146,86584WI0010005
3147,86584WI0010006
3148,86584WI0010007
3149,86584WI0010008
3150,86584WI0010009
3151,86584WI0010010
3152,86584WI0010011
3153,86584WI0010012
3154,86584WI0020001
3155,86584WI0020002
3156,86584WI0020003
3157,86584WI0020004
3194,87416WI0010020
3195,87416WI0010021
3196,87416WI0010022
3197,87416WI0010023
3198,87416WI0010024
3199,87416WI0010026
3200,87416WI0010027
3201,87416WI0010050
3202,87416WI0010051
3203,87416WI0010056
3204,87416WI0010057
3239,91058WI0050001
3240,91058WI0050002
3241,91058WI0050003
3242,91058WI0050004
3243,91058WI0050005
3244,91058WI0050006
3245,91058WI0050007
3246,91058WI0050008
3247,91058WI0050009
3248,91058WI0050010
3249,91058WI0050014
3250,91058WI0060001
3251,91058WI0060002
3252,91058WI0060003
3253,91058WI0060004
3254,91058WI0060005
3263,94529WI0210017
3264,94529WI0210019
3265,94529WI0210021
3266,94529WI0210022
3267,94529WI0210023
3268,94529WI0210024
3269,94529WI0210025
3270,94529WI0210028
3271,94529WI0210030
3272,94529WI0210032
3273,94529WI0210033
3274,94529WI0210034
3275,94529WI0210035
3276,94529WI0210036
3277,94529WI0210039
3278,94529WI0210041
3279,94529WI0210044
3280,94529WI0210045
3301,94529WI0240001
3302,94529WI0240002
3303,94529WI0240003
3304,94529WI0240004
3305,94529WI0240005
3306,94529WI0240006
3307,94529WI0240007
3308,94529WI0240008
3309,94529WI0240009
3310,94529WI0240010
3311,94529WI0240011
3312,94529WI0240012
3313,94529WI0240013
3314,94529WI0240014
3315,94529WI0240015
3316,94529WI0240016
3317,94529WI0240017
3318,94529WI0240018
3319,94529WI0240019
3320,94529WI0240020
3321,94529WI0240021
3341,11269WY0070001
3342,11269WY0070002
3343,11269WY0070003
3344,11269WY0070004
3345,11269WY0070005
3346,11269WY0070011
3347,11269WY0070012
3348,11269WY0070013
3349,11269WY0070014
3350,11269WY0070015
3351,11269WY0070016
3352,11269WY0070018
3353,11269WY0070019
3354,11269WY0070020
3355,11269WY0070021
3358,11269WY0170001
3359,11269WY0170002
3360,11269WY0170003
3361,11269WY0170004
3362,11269WY0170005
3363,11269WY0170006
3364,11269WY0170007
3365,11269WY0170008
3366,11269WY0170009
3367,11269WY0170010
3368,11269WY0170011
3369,11269WY0170012
3370,11269WY0170013
3371,11269WY0170014
3372,11269WY0170015
3373,60156NV0390004
3374,87571OK0460001
3375,87571OK0460002
3376,87571OK0460003
3377,87571OK0460004
3378,87571OK0460005
3379,87571OK0460006
3380,87571OK0460007
3381,87571OK0460008
3382,87571OK0460009
3383,87571OK0460010
3384,87571OK0460011
3385,87571OK0460012
3386,87571OK0460013
3432,46944AL0620001
3433,46944AL0630001
3434,75293AR1210001
3435,75293AR1210002
3436,75293AR1210003
3437,49046GA0610003
3438,49046GA0610004
3439,49046GA0610005
3440,49046GA0610006
3441,49046GA0610007
3442,49046GA0610008
3443,49046GA0610009
3444,49046GA0610010
3445,49046GA0610011
3446,49046GA0610012
3447,49046GA0610013
3448,49046GA0610014
3449,36096IL0970001
3450,36096IL0970002
3451,36096IL0970003
3452,36096IL0970004
3453,36096IL0970005
3454,36096IL0970006
3455,36096IL0970007
3456,36096IL0970008
3457,36096IL0970009
3458,36096IL0970010
3459,36096IL0970011
3460,36096IL0970012
3461,36096IL0970013
3462,36096IL0970014
3463,36096IL0970015
3464,36096IL0970016
3465,36096IL0970017
3466,36096IL0970018
3467,36096IL0970019
3468,36096IL0970020
3469,36096IL0970021
3470,36096IL0970022
3471,36096IL0970023
3472,36096IL0970024
3473,36096IL0970025
3474,36096IL0970026
3475,36096IL0970027
3476,36096IL0970028
3477,36096IL0970029
3478,36096IL0970030
3479,36096IL0970031
3480,36096IL0970032
3481,36096IL0970033
3482,36096IL0970034
3483,36096IL0970035
3484,36096IL0970036
3485,36096IL0970037
3486,36096IL0970038
3487,36096IL0970039
3488,17575IN0930005
3489,17575IN0930006
3490,36239KY1130005
3491,36239KY1130006
3492,48396ME0930003
3493,48396ME0930004
3494,48396ME0940003
3495,48396ME0940004
3496,48396ME0940005
3497,48396ME0940006
3498,15560MI0880001
3499,15560MI0880002
3500,32753MO0930004
3501,32753MO0930006
3502,30751MT0570006
3503,30751MT0570007
3504,30751MT0570008
3505,30751MT0570009
3506,30751MT0570010
3507,30751MT0570011
3508,30751MT0570012
3509,30751MT0570013
3510,30751MT0570014
3511,30751MT0570015
3512,30751MT0570016
3513,30751MT0570017
3514,96751NH0330005
3515,96751NH0330006
3516,93091NM0200001
3517,93091NM0200002
3518,60156NV0390003
3519,87571OK0460014
3520,87571OK0460015
3521,26065SC0400001
3522,26065SC0400002
3523,33602TX0780001
3524,33602TX0780002
3525,33602TX0780003
3526,33602TX0780004
3527,33602TX0780005
3528,33602TX0780006
3529,33602TX0780007
3530,33602TX0780008
3531,33602TX0780009
3532,33602TX0780010
3533,33602TX0780011
3534,33602TX0780012
3535,33602TX0780013
3536,33602TX0780014
3537,33602TX0780015
3538,33602TX0780016
3539,33602TX0780017
3540,33602TX0780018
3541,33602TX0780019
3542,33602TX0780020
3543,33602TX0780021
3544,33602TX0780022
3545,33602TX0780023
3546,33602TX0780024
3547,33602TX0780025
3548,33602TX0780026
3549,33602TX0780027
3550,33602TX0780028
3551,33602TX0780029
3552,33602TX0780030
3553,33602TX0780031
3554,33602TX0780032
3555,33602TX0780033
3556,33602TX0780034
3557,33602TX0780035
3558,33602TX0780036
3559,33602TX0780037
3560,33602TX0780038
3561,33602TX0780039
3562,33602TX0780040
3563,33602TX0780041
3564,33602TX0780042
3565,33602TX0780043
3566,33602TX0780044
3567,33602TX0780045
3568,33602TX0780046
3569,33602TX0780047
3570,33602TX0780048
3571,33602TX0780049
3572,33602TX0780050
3573,33602TX0780051
3574,33602TX0780052
3575,33602TX0780053
3576,33602TX0780054
3577,33602TX0780055
3578,33602TX0780056
3579,33602TX0780057
3580,33602TX0780058
3581,33602TX0780059
3582,33602TX0780060
3583,33602TX0780061
3584,33602TX0780062
3585,33602TX0780063
3586,33602TX0780064
3587,33602TX0780065
3588,33602TX0780066
3589,33602TX0780067
3590,33602TX0780068
3591,33602TX0780069
3592,33602TX0780070
3593,33602TX0780071
3594,33602TX0780072
3595,33602TX0780073
3596,33602TX0780074
3597,33602TX0780075
3598,33602TX0780076
3599,33602TX0780077
3600,33602TX0780078
3601,88380VA0880005
3602,88380VA0880006
3603,79475WI0500003
3604,79475WI0500004
3614,37903AR0070001
3615,37903AR0070008
3618,62141AR0080002
3619,62141AR0080005
3620,62141AR0080007
3621,62141AR0080008
3622,62141AR0100005
3623,62141AR0100007
3624,62141AR0100008
3625,70525AR0070001
3626,70525AR0070003
3627,70525AR0070006
3628,70525AR0070050
3629,70525AR0070151
3630,75293AR1200001
3631,75293AR1200002
3632,75293AR1200003
3633,75293AR1200004
3634,75293AR1200005
3635,75293AR1200006
3636,75293AR1200007
3637,75293AR1200008
3638,75293AR1200009
3647,29497DE0090001
3648,29497DE0090002
3649,29497DE0090003
3650,29497DE0090004
3651,29497DE0090006
3652,29497DE0090007
3663,67190DE0080001
3664,67190DE0080002
3665,67190DE0080003
3666,67190DE0080004
3667,67190DE0080007
3668,67190DE0080008
3685,76168DE0400001
3686,76168DE0410010
3687,76168DE0410012
3688,76168DE0410013
3689,76168DE0420001
3690,76168DE0420004
3696,76168DE0640003
3697,76168DE0650001
3702,18350HI0880001
3703,18350HI0880003
3704,18350HI0880007
3705,18350HI0880013
3706,18350HI0880017
3707,18350HI0880021
3708,18350HI0880029
3709,18350HI0880033
3710,18350HI0890003
3711,18350HI0890004
3712,18350HI0890005
3713,18350HI0890006
3727,60612HI0110001
3728,60612HI0110002
3729,60612HI0110004
3730,60612HI0110005
3731,60612HI0110006
3732,60612HI0110007
3733,60612HI0110009
3734,60612HI0110010
3735,60612HI0110011
3736,60612HI0110013
3737,60612HI0110015
3742,18973IA0400001
3743,18973IA0400002
3744,18973IA0400004
3745,18973IA0400005
3746,18973IA0400006
3747,18973IA0400007
3748,18973IA0400008
3749,18973IA0400009
3750,18973IA0400010
3751,18973IA0400011
3752,18973IA0400012
3753,18973IA0400013
3754,18973IA0400014
3755,18973IA0400015
3756,18973IA0400016
3757,18973IA0400018
3758,18973IA0400019
3759,18973IA0400020
3760,18973IA0400021
3761,18973IA0400022
3762,18973IA0400023
3763,18973IA0400025
3764,18973IA0400026
3765,18973IA0400027
3766,18973IA0400028
3767,18973IA0400029
3768,18973IA0400030
3769,18973IA0400032
3770,18973IA0400033
3771,18973IA0400034
3772,18973IA0400035
3773,18973IA0400036
3774,18973IA0400037
3775,18973IA0400039
3776,18973IA0400040
3777,18973IA0400041
3778,18973IA0400042
3779,18973IA0400043
3780,18973IA0400044
3781,18973IA0400046
3782,18973IA0400047
3783,18973IA0400048
3784,18973IA0400049
3785,18973IA0400050
3786,18973IA0400051
3787,18973IA0400053
3788,18973IA0400054
3789,18973IA0400055
3790,18973IA0400056
3791,18973IA0420001
3792,18973IA0420002
3793,18973IA0420004
3794,18973IA0420005
3795,18973IA0420006
3796,18973IA0420007
3797,18973IA0420008
3798,18973IA0420009
3799,18973IA0420011
3800,18973IA0420012
3801,18973IA0420013
3802,18973IA0420014
3807,27651IA0050001
3808,27651IA0050002
3809,27651IA0050003
3810,27651IA0050004
3811,27651IA0050005
3812,27651IA0050006
3813,27651IA0050007
3814,27651IA0050008
3815,27651IA0050009
3816,27651IA0050010
3817,27651IA0050014
3818,27651IA0060001
3819,27651IA0060002
3820,27651IA0060003
3821,27651IA0060004
3822,27651IA0060005
3880,74406IA0010001
3881,74406IA0020001
3882,74406IA0020002
3883,74406IA0030001
3896,87928IA0010001
3897,87928IA0020001
3898,87928IA0030001
3901,93078IA0010003
3902,93078IA0010005
3903,93078IA0010009
3904,93078IA0010011
3905,93078IA0010013
3906,93078IA0010019
3912,20129IL0290014
3926,20129IL0330014
3927,20129IL0330015
3928,20129IL0330017
3929,20129IL0330020
3930,20129IL0330023
3931,20129IL0330024
3932,20129IL0330026
3933,20129IL0330027
3934,20129IL0330051
3935,20129IL0330052
3936,20129IL0340012
3937,20129IL0340018
3938,20129IL0340021
3939,20129IL0340022
3940,20129IL0340032
3941,20129IL0340033
3946,27833IL0140001
3947,27833IL0140002
3948,27833IL0140003
3949,27833IL0140007
3950,27833IL0140008
3951,27833IL0140009
3952,27833IL0150001
3953,27833IL0150002
3954,27833IL0150004
3966,36096IL0810037
3967,36096IL0810038
3968,36096IL0810039
3969,36096IL0810042
3970,36096IL0810043
3971,36096IL0810044
3972,36096IL0810045
3973,36096IL0810046
3974,36096IL0810047
3975,36096IL0810048
3976,36096IL0810049
3977,36096IL0810050
3978,36096IL0810051
3979,36096IL0810052
3980,36096IL0810053
3981,36096IL0810054
3982,36096IL0810055
3983,36096IL0810056
3984,36096IL0810057
3985,36096IL0810058
3986,36096IL0810059
3987,36096IL0810072
3988,36096IL0810073
3989,36096IL0810074
3990,36096IL0810075
4016,36096IL0950001
4017,36096IL0950002
4018,36096IL0950003
4019,36096IL0950005
4020,36096IL0950006
4021,36096IL0950007
4022,36096IL0950008
4023,36096IL0950009
4024,36096IL0950010
4025,36096IL0950011
4026,36096IL0950012
4027,36096IL0950013
4028,36096IL0950014
4029,36096IL0950015
4030,36096IL0950016
4031,36096IL0950017
4135,36096IL0990002
4136,36096IL0990003
4137,36096IL0990005
4138,36096IL0990006
4139,36096IL0990007
4140,36096IL0990008
4141,36096IL0990009
4142,36096IL0990010
4143,36096IL0990011
4144,36096IL0990012
4145,36096IL0990013
4146,36096IL0990014
4168,94248KS0140006
4169,94248KS0140012
4170,94248KS0140014
4171,36096IL0990015
4172,36096IL0990016
4173,36096IL0990017
4174,36096IL0990018
4175,36096IL0990019
4176,36096IL0990020
4177,36096IL0990033
4178,36096IL0990034
4179,36096IL0990035
4180,36096IL0990036
4181,36096IL0990037
4182,36096IL0990038
4183,36096IL0990039
4184,36096IL0990040
4185,36096IL0990041
4186,36096IL0990042
4187,36096IL0990043
4188,36096IL0990044
4189,36096IL0990045
4190,36096IL0990046
4191,36096IL0990047
4192,36096IL0990048
4193,36096IL0990049
4194,36096IL0990050
4195,36096IL0990051
4196,36096IL0990052
4197,36096IL0990053
4198,36096IL0990054
4199,36096IL0990055
4200,36096IL0990056
4201,36096IL0990069
4202,36096IL0990070
4203,36096IL0990071
4204,36096IL0990072
4205,36096IL0990073
4206,36096IL0990074
4207,36096IL0990075
4208,36096IL0990076
4209,36096IL0990077
4210,36096IL0990078
4211,36096IL0990079
4212,36096IL0990080
4213,36096IL0990081
4214,36096IL0990082
4215,36096IL0990083
4216,36096IL0990084
4217,36096IL0990085
4218,36096IL0990086
4219,36096IL0990087
4220,36096IL0990088
4221,36096IL0990089
4222,36096IL0990090
4223,36096IL0990091
4224,36096IL0990092
4225,36096IL0990093
4226,36096IL0990094
4227,36096IL0990095
4228,36096IL0990096
4229,36096IL0990097
4230,36096IL0990098
4231,36096IL0990099
4232,36096IL0990100
4233,36096IL0990101
4234,36096IL0990102
4235,36096IL0990103
4236,36096IL0990104
4237,36096IL0990105
4238,36096IL0990106
4239,36096IL0990107
4240,36096IL0990108
4241,36096IL0990109
4242,36096IL0990110
4243,36096IL0990111
4244,36096IL0990112
4245,36096IL0990113
4246,36096IL0990114
4247,36096IL0990115
4248,36096IL0990116
4249,36096IL0990117
4250,36096IL0990118
4251,36096IL0990119
4252,36096IL0990120
4253,36096IL0990121
4254,36096IL1000001
4255,36096IL1000002
4256,36096IL1000003
4257,36096IL1000004
4271,53882IL0040001
4272,53882IL0040002
4273,53882IL0040003
4274,53882IL0040004
4275,53882IL0040006
4276,53882IL0040007
4277,53882IL0040008
4278,58288IL0380025
4279,58288IL0380026
4280,58288IL0380027
4281,58288IL0380028
4282,58288IL0380049
4325,27811KS0010009
4326,27811KS0010010
4327,27811KS0010011
4328,27811KS0010012
4329,27811KS0010013
4336,39520KS0010001
4337,39520KS0010003
4338,39520KS0010005
4339,39520KS0010009
4340,39520KS0010011
4341,39520KS0010013
4342,39520KS0010019
4355,94248KS0140016
4356,94248KS0140022
4357,94248KS0140024
4358,94248KS0150004
4359,94248KS0150006
4360,94248KS0150012
4363,94248KS0500001
4364,94248KS0500002
4375,15411KY1450001
4376,15411KY1450002
4377,15411KY1450003
4378,15411KY1450031
4379,15411KY1450032
4380,15411KY1450033
4381,15411KY1450048
4388,36239KY0970015
4389,36239KY0970016
4390,36239KY0970018
4391,36239KY0970019
4392,36239KY0970020
4393,36239KY0970022
4394,36239KY0970023
4395,36239KY0970025
4407,36239KY1140001
4408,36239KY1140005
4409,36239KY1140009
4410,36239KY1140033
4418,45636KY0010001
4419,45636KY0010004
4420,45636KY0010007
4421,45636KY0010010
4422,45636KY0020001
4423,45636KY0020004
4424,45636KY0020007
4425,45636KY0030001
4426,45636KY0030002
4427,45636KY0030003
4428,45636KY0040001
4444,33653ME0010001
4445,33653ME0010002
4446,33653ME0010003
4447,33653ME0010005
4448,33653ME0010007
4449,33653ME0020001
4450,33653ME0050001
4451,33653ME0050002
4452,33653ME0050003
4461,48396ME0710012
4462,48396ME0710016
4463,48396ME0710019
4464,48396ME0710020
4465,48396ME0710021
4466,48396ME0710031
4467,48396ME0710032
4468,48396ME0710034
4469,48396ME0710035
4470,48396ME0720013
4471,48396ME0720017
4472,48396ME0720018
4473,48396ME0720020
4474,48396ME0720022
4475,48396ME0720025
4476,48396ME0720031
4477,48396ME0720032
4478,48396ME0720033
4479,48396ME0720034
4480,48396ME0720035
4481,48396ME0720036
4482,48396ME0720037
4483,48396ME0720038
4484,48396ME0720040
4485,48396ME0720041
4486,48396ME0720044
4487,48396ME0720045
4532,96667ME0240010
4533,96667ME0240012
4534,96667ME0240014
4535,96667ME0240016
4542,96667ME0260010
4543,96667ME0260012
4544,96667ME0260014
4545,96667ME0260016
4557,15560MI0350001
4558,15560MI0350002
4559,15560MI0350003
4560,15560MI0350004
4561,15560MI0350005
4562,15560MI0350006
4601,40047MI0010001
4602,40047MI0010002
4603,40047MI0010003
4604,40047MI0070001
4605,40047MI0070002
4615,15560MI0890001
4616,15560MI0900002
4617,15560MI1120001
4618,15560MI1130001
4628,29698MI0540001
4629,29698MI0540005
4630,29698MI0540018
4631,29698MI0540020
4632,29698MI0540021
4633,29698MI0540028
4634,29698MI0540029
4635,29698MI0540032
4636,29698MI0540033
4637,29698MI0540034
4638,29698MI0540036
4639,29698MI0540037
4640,29698MI0540039
4641,29698MI0540040
4642,29698MI0540041
4643,29698MI0540042
4644,29698MI0540043
4645,29698MI0540044
4646,29698MI0540047
4647,29698MI0540048
4648,29698MI0540049
4649,29698MI0570003
4650,29698MI0570013
4651,29698MI0570024
4652,29698MI0570032
4653,29698MI0570038
4654,29698MI0570040
4655,29698MI0570042
4656,29698MI0570043
4657,29698MI0570044
4658,29698MI0570046
4659,29698MI0570048
4660,29698MI0570050
4661,29698MI0570051
4662,29698MI0570052
4663,29698MI0570053
4664,29698MI0570054
4665,29698MI0570055
4666,29698MI0570056
4667,29698MI0570057
4668,29698MI0570058
4708,37651MI0150005
4709,37651MI0150007
4710,37651MI0150012
4711,37651MI0150013
4712,37651MI0150014
4713,37651MI0150015
4714,37651MI0190002
4715,37651MI0190004
4716,37651MI0190006
4717,37651MI0190007
4718,37651MI0190008
4719,37651MI0190009
4720,37651MI0190010
4721,37651MI0300004
4722,37651MI0300006
4723,37651MI0300007
4724,37651MI0300008
4725,37651MI0300009
4726,37651MI0300010
4731,46275MI0010001
4732,46275MI0010002
4733,46275MI0010003
4734,46275MI0010016
4735,46275MI0010017
4736,46275MI0010018
4737,46275MI0010021
4755,58594MI0020001
4756,58594MI0020007
4757,58594MI0020008
4758,58594MI0020009
4759,58594MI0020014
4760,58594MI0020024
4761,60829MI0190001
4762,60829MI0190002
4763,60829MI0190005
4764,60829MI0190006
4765,60829MI0190007
4766,60829MI0190008
4767,60829MI0190009
4768,60829MI0190010
4769,60829MI0190011
4770,60829MI0190012
4771,60829MI0190013
4772,60829MI0190014
4773,60829MI0190015
4774,60829MI0200001
4775,60829MI0200002
4776,60829MI0200003
4777,60829MI0200004
4778,60829MI0200005
4779,60829MI0200006
4780,60829MI0200007
4781,60829MI0200008
4782,60829MI0200009
4783,60829MI0200010
4784,60829MI0200011
4785,60829MI0200012
4786,60829MI0200013
4787,60829MI0200014
4788,60829MI0210003
4789,60829MI0210005
4790,60829MI0210006
4791,60829MI0210007
4792,60829MI0220001
4793,60829MI0220002
4794,60829MI0220003
4795,60829MI0220004
4805,67183MI0030001
4806,67183MI0030002
4807,67183MI0030003
4808,67183MI0030004
4809,67183MI0030005
4810,67183MI0030006
4818,74917MI0020001
4819,74917MI0020002
4820,74917MI0020004
4821,74917MI0020005
4822,74917MI0020006
4823,74917MI0020011
4845,98185MI0180001
4846,98185MI0180004
4847,98185MI0180005
4848,98185MI0180007
4849,98185MI0180008
4850,98185MI0180009
4851,98185MI0180010
4852,98185MI0180011
4853,98185MI0180012
4854,98185MI0180013
4855,98185MI0180014
4856,98185MI0180015
4857,98185MI0440001
4858,98185MI0440002
4859,98185MI0440004
4860,98185MI0440005
4861,98185MI0440006
4862,98185MI0440007
4863,98185MI0440008
4864,98185MI0550001
4865,98185MI0550002
4866,98185MI0550003
4867,98185MI0550004
4868,98185MI0750001
4869,98185MI0750002
4870,98185MI0750003
4871,23603MT0150005
4872,23603MT0150009
4873,23603MT0150012
4874,23603MT0150013
4875,23603MT0150014
4876,23603MT0150015
4887,20305NE0010011
4888,20305NE0010013
4889,20305NE0010019
4890,16698NV0450027
4891,16698NV0450028
4892,16698NV0450030
4893,16698NV0450041
4894,16698NV0450042
4895,16698NV0450044
4896,16698NV0450045
4911,29276OH0920346
4912,29276OH0920347
4913,29276OH0920348
4914,29276OH0920349
4915,29276OH0920350
4916,29276OH0920351
4917,29276OH0920354
4918,29276OH0920355
4919,29276OH0920356
4920,29276OH0920357
4921,29276OH0920358
4922,29276OH0920359
4923,29276OH0920360
4924,29276OH0920361
4953,30751MT0550006
4954,30751MT0550009
4955,30751MT0550010
4956,30751MT0550011
4957,30751MT0550012
4958,30751MT0550013
4959,30751MT0550014
4960,30751MT0550017
4961,30751MT0550018
4962,30751MT0550019
4963,30751MT0550020
4964,30751MT0550021
4965,30751MT0550022
4966,30751MT0550023
4967,30751MT0550024
4968,30751MT0550025
4969,30751MT0550026
4970,30751MT0550027
4971,30751MT0550028
4972,30751MT0550029
4973,30751MT0550030
4974,30751MT0550031
4975,30751MT0550032
4976,30751MT0550033
4977,30751MT0550034
4978,30751MT0550035
4979,30751MT0550036
4980,30751MT0550037
4991,30751MT0650001
4992,30751MT0650002
4993,30751MT0650003
4994,30751MT0650004
4995,30751MT0650005
4996,30751MT0650006
4997,30751MT0650007
4998,30751MT0650008
4999,32225MT0010001
5000,32225MT0010002
5001,32225MT0010003
5002,32225MT0010004
5003,32225MT0020002
5004,32225MT0020003
5005,32225MT0020004
5006,32225MT0020007
5007,32225MT0030001
5035,20305NE0010003
5036,20305NE0010005
5037,20305NE0010009
5042,44794NE0020001
5043,44794NE0020002
5044,44794NE0020004
5045,44794NE0020005
5046,44794NE0020006
5047,44794NE0020007
5048,44794NE0020008
5049,44794NE0020009
5050,44794NE0020011
5051,44794NE0020012
5052,44794NE0020013
5053,44794NE0020014
5054,44794NE0030001
5055,44794NE0030002
5056,44794NE0030003
5057,44794NE0030004
5058,44794NE0030005
5059,44794NE0030006
5060,44794NE0030007
5061,44794NE0030008
5062,44794NE0030009
5063,44794NE0030011
5064,44794NE0030012
5065,44794NE0030013
5066,44794NE0030014
5121,59025NH0330014
5122,59025NH0330016
5123,59025NH0330018
5124,59025NH0330020
5125,59025NH0330022
5126,59025NH0340008
5127,59025NH0340010
5128,59025NH0340012
5129,61163NH0010001
5130,61163NH0030001
5131,61163NH0250001
5132,61163NH0270001
5133,61163NH0290001
5134,61163NH0310001
5135,61163NH0350001
5137,61163NH0370001
5138,61163NH0390001
5139,61163NH0450001
5140,61163NH0470001
5143,75841NH0090001
5144,75841NH0090002
5153,96751NH0150015
5154,96751NH0150016
5155,96751NH0150017
5156,96751NH0150018
5157,96751NH0150020
5158,96751NH0150022
5159,96751NH0150023
5160,96751NH0150024
5161,96751NH0150025
5162,96751NH0150026
5163,96751NH0150027
5174,19722NM0010001
5175,19722NM0010002
5176,19722NM0010003
5181,72034NM0030001
5182,72034NM0040001
5183,72034NM0050001
5184,72034NM0060001
5185,72034NM0080001
5186,72034NM0090001
5187,72034NM0130001
5188,72034NM0170001
5189,72034NM0180001
5190,75605NM0390031
5191,75605NM0390032
5192,75605NM0390033
5193,75605NM0390034
5194,75605NM0390036
5195,75605NM0390038
5196,75605NM0390039
5197,75605NM0390040
5198,75605NM0390041
5199,75605NM0390042
5200,75605NM0390043
5201,75605NM0390044
5202,75605NM0390045
5203,75605NM0390046
5204,75605NM0390047
5205,75605NM0390048
5206,75605NM0390049
5207,75605NM0390050
5208,75605NM0390051
5209,75605NM0390052
5210,75605NM0390053
5211,75605NM0390054
5212,75605NM0390059
5213,75605NM0390060
5214,75605NM0390061
5215,75605NM0390062
5216,75605NM0390067
5217,75605NM0390068
5218,75605NM0390069
5219,75605NM0390070
5224,93091NM0010002
5225,93091NM0010006
5226,93091NM0010007
5227,93091NM0010009
5228,93091NM0010011
5229,93091NM0170001
5230,93091NM0170003
5235,16698NV0450008
5236,16698NV0450013
5237,16698NV0450020
5241,33670NV1050001
5242,33670NV1050002
5243,33670NV1050003
5244,33670NV1050004
5245,33670NV1050005
5246,33670NV1050007
5247,33670NV1050010
5248,33670NV1050011
5249,33670NV1050012
5254,60156NV0230018
5255,60156NV0230019
5256,60156NV0230020
5257,60156NV0230022
5258,60156NV0230026
5259,60156NV0230027
5260,60156NV0230028
5261,60156NV0230029
5262,60156NV0230035
5263,60156NV0230038
5277,95865NV0030014
5278,95865NV0030018
5279,95865NV0030019
5280,95865NV0030023
5281,95865NV0030045
5282,95865NV0030047
5283,95865NV0030048
5284,95865NV0030052
5285,95865NV0030053
5286,95865NV0030055
5287,23340OH0010001
5288,23340OH0010003
5289,23340OH0010005
5290,23340OH0010007
5291,23340OH0010009
5292,23340OH0010011
5293,23340OH0010013
5294,23340OH0010016
5295,23340OH0010019
5296,23340OH0010021
5301,26734OH0010001
5302,26734OH0010002
5303,26734OH0010003
5304,26734OH0010004
5305,26734OH0010005
5306,26734OH0010006
5307,26734OH0010007
5308,26734OH0010008
5309,26734OH0010009
5310,26734OH0010010
5311,28162OH0060007
5312,28162OH0060008
5313,28162OH0060011
5314,28162OH0060012
5315,28162OH0060014
5316,28162OH0060016
5317,28162OH0060018
5318,28162OH0060019
5319,28162OH0060021
5320,28162OH0060022
5321,28162OH0060023
5322,28162OH0060026
5323,28162OH0060027
5324,28162OH0060029
5325,28162OH0060031
5326,28162OH0060033
5327,28162OH0060034
5328,28162OH0060036
5329,28162OH0060037
5330,28162OH0060038
5331,28162OH0060041
5332,28162OH0060042
5333,28162OH0060044
5334,28162OH0060046
5335,28162OH0060048
5336,28162OH0060049
5337,28162OH0060051
5338,28162OH0060053
5339,28162OH0060054
5340,28162OH0060056
5341,28162OH0060058
5342,28162OH0060060
5343,28162OH0060061
5344,28162OH0060064
5345,28162OH0060065
5346,28162OH0060066
5347,28162OH0060068
5348,28162OH0060070
5349,28162OH0060072
5350,28162OH0060074
5351,28162OH0060075
5352,28162OH0060076
5353,28162OH0060077
5354,28162OH0060078
5355,28162OH0060079
5398,29276OH0740017
5399,29276OH0740018
5400,29276OH0740019
5401,29276OH0740021
5402,29276OH0740023
5403,29276OH0740024
5404,29276OH0740025
5405,29276OH0740026
5406,29276OH0740027
5407,29276OH0740029
5408,29276OH0740031
5422,29276OH0920001
5423,29276OH0920002
5424,29276OH0920003
5425,29276OH0920005
5426,29276OH0920007
5427,29276OH0920008
5428,29276OH0920010
5429,29276OH0920011
5430,29276OH0920012
5431,29276OH0920013
5432,29276OH0920014
5433,29276OH0920015
5434,29276OH0920016
5435,29276OH0920017
5436,29276OH0920020
5437,29276OH0920021
5438,29276OH0920022
5439,29276OH0920023
5440,29276OH0920026
5441,29276OH0920027
5442,29276OH0920028
5443,29276OH0920029
5444,29276OH0920032
5445,29276OH0920033
5446,29276OH0920034
5447,29276OH0920035
5448,29276OH0920036
5449,29276OH0920047
5450,29276OH0920048
5451,29276OH0920049
5452,29276OH0920050
5453,29276OH0920051
5454,29276OH0920062
5455,29276OH0920063
5456,29276OH0920064
5457,29276OH0920065
5458,29276OH0920066
5459,29276OH0920077
5460,29276OH0920078
5461,29276OH0920079
5462,29276OH0920080
5463,29276OH0920081
5464,29276OH0920107
5465,29276OH0920108
5466,29276OH0920109
5467,29276OH0920110
5468,29276OH0920111
5469,29276OH0920137
5470,29276OH0920138
5471,29276OH0920139
5472,29276OH0920140
5473,29276OH0920141
5474,29276OH0920152
5475,29276OH0920153
5476,29276OH0920154
5477,29276OH0920155
5478,29276OH0920156
5479,29276OH0920157
5480,29276OH0920158
5481,29276OH0920194
5482,29276OH0920195
5483,29276OH0920196
5484,29276OH0920197
5485,29276OH0920198
5486,29276OH0920199
5487,29276OH0920200
5488,29276OH0920215
5489,29276OH0920216
5490,29276OH0920217
5491,29276OH0920218
5492,29276OH0920219
5493,29276OH0920220
5494,29276OH0920221
5495,29276OH0920257
5496,29276OH0920258
5497,29276OH0920259
5498,29276OH0920260
5499,29276OH0920261
5500,29276OH0920262
5501,29276OH0920263
5502,29276OH0920299
5503,29276OH0920300
5504,29276OH0920301
5505,29276OH0920302
5506,29276OH0920303
5507,29276OH0920304
5508,29276OH0920305
5509,29276OH0920306
5510,29276OH0920307
5511,29276OH0920310
5512,29276OH0920311
5513,29276OH0920312
5514,29276OH0920313
5515,29276OH0920314
5516,29276OH0920315
5517,29276OH0920316
5518,29276OH0920317
5519,29276OH0920318
5520,29276OH0920321
5521,29276OH0920322
5522,29276OH0920323
5523,29276OH0920324
5524,29276OH0920325
5525,29276OH0920326
5526,29276OH0920327
5527,29276OH0920328
5528,29276OH0920329
5529,29276OH0920332
5530,29276OH0920333
5531,29276OH0920334
5532,29276OH0920335
5533,29276OH0920336
5534,29276OH0920337
5535,29276OH0920338
5536,29276OH0920339
5537,29276OH0920340
5538,29276OH0920343
5539,29276OH0920344
5540,29276OH0920345
5541,29276OH0920362
5542,29276OH0920365
5543,29276OH0920366
5544,29276OH0920367
5545,29276OH0920368
5546,29276OH0920369
5547,29276OH0920370
5548,29276OH0920371
5549,29276OH0920372
5550,29276OH0920373
5551,29276OH0920374
5552,29276OH0920375
5553,29276OH0920376
5554,29276OH0920377
5555,29276OH0920378
5556,29276OH0920379
5557,29276OH0920380
5558,29276OH0920381
5559,29276OH0920382
5560,29276OH0920383
5561,29276OH0920384
5562,29276OH0920385
5563,29276OH0920386
5564,29276OH0920387
5565,29276OH0920388
5566,29276OH0920389
5567,29276OH0920390
5568,29276OH0920391
5569,29276OH0920392
5570,29276OH0920393
5571,29276OH0920394
5572,29276OH0920395
5573,29276OH0920396
5574,29276OH0920397
5575,29276OH0920398
5576,29276OH0920399
5577,29276OH0920400
5592,41047OH0010004
5593,41047OH0010018
5594,41047OH0010019
5595,41047OH0010021
5596,41047OH0010024
5597,41047OH0020018
5598,41047OH0020019
5599,41047OH0020020
5600,41047OH0030018
5601,41047OH0030019
5602,41047OH0030020
5635,52664OH1510032
5636,52664OH1510038
5637,52664OH1510050
5638,52664OH1510054
5639,52664OH1520029
5650,64353OH0010001
5651,64353OH0010002
5652,64353OH0010003
5653,64353OH0030001
5654,64353OH0030002
5661,66083OH0610001
5662,66083OH0610002
5663,66083OH0610003
5664,66083OH0610011
5665,66083OH0610012
5666,66083OH0610013
5667,66083OH0610014
5681,74313OH0210001
5682,74313OH0210002
5683,74313OH0210006
5684,74313OH0210008
5685,74313OH0210010
5686,74313OH0210011
5687,99969OH0080021
5688,99969OH0080022
5689,99969OH0080023
5690,99969OH0080025
5691,99969OH0080026
5692,99969OH0080028
5693,99969OH0080029
5694,99969OH0080030
5695,16322PA0040008
5696,16322PA0040010
5697,16322PA0040012
5698,16322PA0040024
5699,16322PA0040025
5700,16322PA0040026
5701,16322PA0040027
5702,16322PA0050029
5703,16322PA0050030
5704,16322PA0050031
5705,16322PA0050033
5706,16322PA0050035
5707,16322PA0050100
5708,16322PA0050101
5709,16322PA0050102
5710,16322PA0050103
5711,16322PA0050104
5712,16322PA0050105
5713,16322PA0050106
5714,16322PA0050107
5715,16322PA0050108
5716,77552OH0010019
5717,77552OH0010064
5718,77552OH0010109
5719,77552OH0020019
5720,77552OH0020064
5721,77552OH0020109
5722,77552OH0030001
5723,77552OH0030002
5724,77552OH0030003
5725,77552OH0040001
5816,99969OH0080001
5817,99969OH0080003
5818,99969OH0080005
5819,99969OH0080007
5820,99969OH0080012
5821,99969OH0080032
5822,99969OH0080033
5823,99969OH0080035
5824,99969OH0080036
5825,99969OH0080037
5826,99969OH0080039
5827,99969OH0080040
5828,99969OH0100001
5829,99969OH0100002
5830,99969OH0100003
5831,99969OH0100004
5832,99969OH0100006
5833,99969OH0100007
5834,99969OH0100008
5835,99969OH0100010
5836,10091OR0360010
5837,10091OR0360011
5838,10091OR0360012
5839,10091OR0360013
5840,10091OR0360014
5841,10091OR0360015
5842,10091OR0370004
5843,10091OR0370005
5852,32536OR0020002
5853,32536OR0020004
5854,32536OR0020006
5855,32536OR0020008
5856,32536OR0020009
5857,32536OR0020011
5858,32536OR0020012
5859,32536OR0020013
5860,32536OR0040001
5861,32536OR0040002
5862,32536OR0040003
5863,32536OR0060001
5864,32536OR0060002
5865,32536OR0060003
5866,39424OR1460001
5867,39424OR1560001
5868,39424OR1560002
5869,39424OR1560003
5870,39424OR1560004
5871,39424OR1560005
5872,39424OR1560006
5873,39424OR1580001
5874,39424OR1580002
5875,39424OR1590001
5876,56707OR0850006
5877,56707OR0850008
5878,56707OR0870002
5879,56707OR0870003
5880,56707OR0870004
5881,56707OR0890005
5882,56707OR0900009
5883,56707OR0900011
5884,56707OR0910009
5885,56707OR0910011
5886,56707OR0990002
5887,56707OR0990003
5888,56707OR0990004
5889,56707OR1000002
5890,56707OR1000003
5891,56707OR1000004
5894,63474OR0010001
5895,63474OR0010002
5896,63474OR0010003
5897,63474OR0310001
5898,63474OR0310002
5899,63474OR0310003
5900,63474OR0310004
5901,63474OR0590001
5904,71287OR0420001
5905,71287OR0420002
5906,71287OR0420003
5907,71287OR0420004
5908,71287OR0420005
5909,71287OR0420010
5910,71287OR0420011
5911,71287OR0420012
5912,71287OR0420014
5913,71287OR0420015
5932,16322PA0040006
5933,16322PA0040007
5934,16322PA0050111
5935,16322PA0050112
5936,16322PA0050113
5937,16322PA0050114
5965,22444PA0010006
5966,22444PA0010016
5967,22444PA0010018
5968,22444PA0010030
5969,22444PA0010031
5970,22444PA0010032
5971,22444PA0010033
5972,22444PA0010034
5973,22444PA0040019
5974,22444PA0040053
5975,22444PA0040062
5976,22444PA0040069
5977,31609PA0070001
5978,31609PA0070002
5979,31609PA0070003
5980,31609PA0070004
5981,31609PA0070006
6001,31609PA0160001
6002,31609PA0160002
6008,33709PA0380004
6009,33709PA0690001
6010,33709PA0690002
6011,33709PA0690003
6012,33709PA0690004
6013,33709PA0690005
6014,33709PA0700005
6015,33709PA0700006
6016,33709PA0700007
6017,33709PA0700008
6018,33871PA0040001
6019,33871PA0040002
6020,33871PA0040003
6021,33871PA0040005
6022,33871PA0040006
6049,45127PA0020008
6050,45127PA0020013
6090,70194PA0150003
6091,70194PA0150005
6092,70194PA0160003
6105,70194PA0500001
6106,70194PA0500002
6107,70194PA0510001
6108,70194PA0510002
6109,70194PA0510003
6110,70194PA0510004
6111,70194PA0520001
6112,70194PA0520002
6139,10207VA0380001
6140,10207VA0380003
6141,10207VA0380004
6142,10207VA0380011
6143,10207VA0400002
6164,31274WV0320001
6171,31274WV0480001
6172,31274WV0480002
6173,31274WV0480003
6174,31274WV0480004
6175,31274WV0480005
6176,31274WV0480006
6177,50328WV0010001
6191,83731PA0060001
6192,83731PA0060002
6193,83731PA0060003
6194,83731PA0060004
6195,83731PA0060005
6196,83731PA0070001
6197,83731PA0070002
6224,31195SD0080001
6225,31195SD0080003
6226,31195SD0080004
6227,31195SD0080005
6228,31195SD0080006
6229,31195SD0080007
6230,31195SD0080008
6231,31195SD0080009
6232,31195SD0080010
6233,31195SD0080011
6253,60536SD0020006
6254,60536SD0020007
6255,60536SD0020009
6256,60536SD0020010
6257,60536SD0020011
6258,60536SD0020012
6259,60536SD0020018
6260,60536SD0020021
6261,60536SD0020022
6262,60536SD0020023
6263,60536SD0020024
6264,60536SD0020028
6279,18167UT0010001
6280,18167UT0010002
6281,18167UT0010003
6282,18167UT0010004
6283,18167UT0010005
6289,42261UT0050003
6290,42261UT0060001
6291,42261UT0060002
6292,42261UT0060003
6293,42261UT0070001
6299,68781UT0020005
6300,68781UT0020007
6301,68781UT0020011
6302,68781UT0020012
6303,68781UT0020016
6304,68781UT0020019
6305,68781UT0020020
6306,68781UT0020023
6307,68781UT0020024
6308,68781UT0020025
6309,68781UT0020026
6310,68781UT0020027
6311,68781UT0020028
6312,68781UT0020031
6313,68781UT0130005
6314,68781UT0130006
6315,68781UT0130010
6316,68781UT0130011
6321,12028VA0120007
6322,12028VA0120015
6323,12028VA0120027
6324,12028VA0120028
6325,12028VA0120029
6326,12028VA0120030
6327,12028VA0120031
6328,15668VA0130029
6329,15668VA0130031
6330,15668VA0130033
6331,15668VA0130035
6332,15668VA0130037
6333,15668VA0130039
6334,15668VA0130041
6335,15668VA0130043
6336,15668VA0130045
6337,15668VA0130047
6338,15668VA0130048
6339,15668VA0130050
6350,20507VA1170001
6351,20507VA1170002
6352,20507VA1170006
6353,20507VA1170011
6354,20507VA1170021
6355,20507VA1170028
6380,37204VA0010001
6381,37204VA0010002
6382,37204VA0010003
6383,37204VA0010004
6384,37204VA0010005
6385,37204VA0010006
6386,37204VA0010007
6387,37204VA0010008
6388,37204VA0010009
6389,37204VA0010010
6390,37204VA0010011
6391,37204VA0010012
6392,38599VA0040002
6393,38599VA0040003
6394,38599VA0040004
6395,38599VA0040005
6396,38599VA0040006
6400,40308VA0240007
6401,40308VA0240008
6411,41921VA0020001
6412,41921VA0020002
6413,41921VA0020003
6414,41921VA0020004
6415,41921VA0020005
6416,41921VA0020006
6417,41921VA0020007
6418,41921VA0020008
6419,41921VA0020009
6420,41921VA0020010
6421,41921VA0020011
6422,41921VA0020012
6423,41921VA0020013
6424,41921VA0020014
6425,41921VA0020015
6426,41921VA0020016
6427,41921VA0020017
6428,41921VA0020018
6471,88380VA0720015
6472,88380VA0720016
6473,88380VA0720017
6474,88380VA0720018
6475,88380VA0720019
6476,88380VA0720020
6477,88380VA0720021
6478,88380VA0720022
6479,88380VA0720024
6480,88380VA0720027
6481,88380VA0720028
6482,88380VA0720031
6483,88380VA0720032
6535,88380VA0890001
6536,88380VA0890002
6537,88380VA0890004
6538,88380VA0890005
6539,88380VA0890007
6540,88380VA0890008
6541,88380VA0890009
6542,88380VA0890010
6543,88380VA0890011
6544,93187VA0060001
6545,93187VA0060002
6546,93187VA0060004
6547,93187VA0060005
6548,93187VA0060006
6549,93187VA0060007
6550,93187VA0060008
6551,93187VA0060009
6552,93187VA0060011
6553,93187VA0060012
6554,93187VA0060013
6555,93187VA0060014
6556,93187VA0060015
6557,93187VA0060016
6558,93187VA0060018
6559,93187VA0060019
6560,93187VA0060020
6561,93187VA0060021
6562,93187VA0060022
6563,93187VA0060023
6564,93187VA0060024
6565,93187VA0060025
6566,93187VA0060026
6567,93187VA0060027
6568,93187VA0060028
6569,93187VA0060029
6570,93187VA0060030
6571,93187VA0060032
6572,93187VA0060033
6573,93187VA0060034
6574,93187VA0060035
6591,95185VA0530001
6592,95185VA0530002
6593,95185VA0530003
6594,95185VA0530004
6595,95185VA0530005
6596,95185VA0530006
6597,95185VA0530008
6598,95185VA0530009
6599,95185VA0530010
6600,95185VA0530011
6601,95185VA0530012
6602,95185VA0530013
6605,50328WV0010007
6606,50328WV0010013
6607,50328WV0020001
6608,50328WV0020007
6609,50328WV0020013
6610,50328WV0030001
6611,50328WV0030002
6612,50328WV0030003
6613,50328WV0040001
